City_ID,City,Country,Date,Lat,Lng,Max Temp,Humidity,Cloudiness,Wind Speed
0,Jamestown,US,2023-01-25 23:51:37,42.097,-79.2353,38.79,97,100,10.36
1,Brownsville,US,2023-01-25 23:57:31,25.9018,-97.4975,63.09,59,25,11.88
2,Torbay,CA,2023-01-25 23:57:57,47.6666,-52.7314,30.58,77,40,18.41
3,Lata,PT,2023-01-25 23:58:26,40.1629,-8.3327,36.07,81,0,3.29
4,New Norfolk,AU,2023-01-25 23:55:34,-42.7826,147.0587,65.91,55,100,4.0
5,Nemuro,JP,2023-01-25 23:58:26,43.3236,145.575,19.11,67,93,32.84
6,Coquimbo,CL,2023-01-25 23:58:27,-29.9533,-71.3436,65.93,77,0,10.36
7,Punta Arenas,CL,2023-01-25 23:56:39,-53.15,-70.9167,50.11,57,40,18.41
8,Albany,US,2023-01-25 23:55:00,42.6001,-73.9662,34.3,90,100,8.99
9,Bathsheba,BB,2023-01-25 23:58:27,13.2167,-59.5167,79.41,69,20,20.71
10,Cape Town,ZA,2023-01-25 23:54:03,-33.9258,18.4232,64.9,74,0,11.99
11,Tuscaloosa,US,2023-01-25 23:54:38,33.2098,-87.5692,44.56,79,93,1.99
12,Lagoa,PT,2023-01-25 23:58:29,39.05,-27.9833,58.17,73,11,18.9
13,Amahai,ID,2023-01-25 23:58:29,-3.3333,128.9167,82.29,76,89,1.97
14,Gornopravdinsk,RU,2023-01-25 23:58:31,60.05,69.9,10.18,93,100,9.82
15,Los Llanos De Aridane,ES,2023-01-25 23:58:31,28.6585,-17.9182,60.55,70,75,21.99
16,Midland,US,2023-01-25 23:57:44,31.9974,-102.0779,45.32,45,40,5.75
17,Rikitea,PF,2023-01-25 23:58:33,-23.1203,-134.9692,79.39,77,100,16.06
18,Coffs Harbour,AU,2023-01-25 23:58:33,-30.3,153.1333,87.13,65,0,11.5
19,Aitape,PG,2023-01-25 23:58:33,-3.1374,142.3475,83.53,70,100,3.0
20,Ushuaia,AR,2023-01-25 23:55:02,-54.8,-68.3,46.06,71,40,11.5
21,Aykino,RU,2023-01-25 23:58:34,62.2248,49.9922,32.38,93,100,15.59
22,Turtas,RU,2023-01-25 23:58:34,58.9417,69.1325,9.05,94,100,9.66
23,Fairlie,GB,2023-01-25 23:58:35,55.756,-4.8556,41.18,87,17,5.01
24,Busselton,AU,2023-01-25 23:58:35,-33.65,115.3333,67.41,57,0,8.16
25,Pangnirtung,CA,2023-01-25 23:58:35,66.1451,-65.7125,-22.0,76,75,3.44
26,Kieta,PG,2023-01-25 23:51:33,-6.2167,155.6333,84.29,67,94,5.61
27,Chokurdakh,RU,2023-01-25 23:51:33,70.6333,147.9167,-33.14,100,61,1.68
28,Wau,SS,2023-01-25 23:58:36,7.7029,27.9953,77.97,30,32,5.77
29,Srandakan,ID,2023-01-25 23:58:36,-7.9386,110.2506,76.91,89,100,5.79
30,Bambous Virieux,MU,2023-01-25 23:58:36,-20.3428,57.7575,76.21,94,75,10.36
31,Bluff,NZ,2023-01-25 23:58:36,-46.6,168.3333,65.43,56,73,3.31
32,Lebu,CL,2023-01-25 23:58:37,-37.6167,-73.65,59.29,79,23,13.04
33,Port Elizabeth,ZA,2023-01-25 23:58:37,-33.918,25.5701,68.29,84,75,6.91
34,Tarauaca,BR,2023-01-25 23:55:10,-8.1614,-70.7656,73.0,98,52,3.11
35,Whitehorse,CA,2023-01-25 23:58:37,60.7161,-135.0538,43.02,74,75,13.8
36,Bratslav,UA,2023-01-25 23:58:38,48.8226,28.9407,27.07,92,96,4.29
37,Mataura,NZ,2023-01-25 23:58:38,-46.1927,168.8643,76.78,31,75,4.88
38,Lusaka,ZM,2023-01-25 23:58:38,-15.4067,28.2871,62.62,98,100,3.4
39,Khatanga,RU,2023-01-25 23:49:06,71.9667,102.5,-14.24,86,100,9.89
40,Omboue,GA,2023-01-25 23:58:39,-1.5746,9.2618,78.67,88,15,8.16
41,Ilo,PE,2023-01-25 23:58:39,-17.6394,-71.3375,74.26,78,40,5.75
42,Aklavik,CA,2023-01-25 23:58:39,68.2191,-135.0107,-5.8,84,75,13.8
43,Sibolga,ID,2023-01-25 23:58:40,1.7427,98.7792,74.1,84,88,3.15
44,Qaanaaq,GL,2023-01-25 23:55:12,77.484,-69.3632,-2.85,66,3,7.63
45,Egvekinot,RU,2023-01-25 23:58:40,66.3167,-179.1667,-12.32,73,0,19.82
46,Touros,BR,2023-01-25 23:58:40,-5.1989,-35.4608,78.84,74,3,10.42
47,Faanui,PF,2023-01-25 23:59:41,-16.4833,-151.75,81.64,76,36,16.13
48,Puerto Escondido,MX,2023-01-25 23:59:41,15.85,-97.0667,79.23,67,2,1.9
49,Pontianak,ID,2023-01-25 23:59:41,-0.0333,109.3333,75.18,100,75,3.44
50,Miandrivazo,MG,2023-01-25 23:59:42,-19.5167,45.4667,76.78,77,100,23.06
51,Ambilobe,MG,2023-01-25 23:59:42,-13.2,49.05,72.73,96,100,1.63
52,Safaga,EG,2023-01-25 23:59:42,26.7292,33.9365,65.08,51,0,15.52
53,Ribeira Grande,PT,2023-01-25 23:59:42,38.5167,-28.7,59.77,77,26,8.01
54,Georgetown,MY,2023-01-25 23:57:09,5.4112,100.3354,77.23,86,20,2.3
55,Bredasdorp,ZA,2023-01-25 23:59:43,-34.5322,20.0403,61.74,76,2,3.42
56,Inuvik,CA,2023-01-25 23:59:43,68.3499,-133.7218,-5.04,81,75,5.75
57,Tabuk,PH,2023-01-25 23:59:43,17.4189,121.4443,65.71,87,62,2.08
58,Leshukonskoye,RU,2023-01-25 23:59:44,64.8989,45.7622,33.76,98,100,12.91
59,Lakes Entrance,AU,2023-01-25 23:59:44,-37.8811,147.981,69.17,67,100,5.59
60,Tambacounda,SN,2023-01-25 23:59:44,13.7539,-13.7586,82.58,19,100,6.46
61,Mehamn,NO,2023-01-25 23:59:45,71.0357,27.8492,35.51,75,100,13.8
62,Bubaque,GW,2023-01-25 23:59:45,11.2833,-15.8333,75.31,77,37,17.58
63,Carnarvon,AU,2023-01-25 23:59:45,-24.8667,113.6333,83.64,60,38,8.12
64,Ostersund,SE,2023-01-25 23:59:46,63.1792,14.6357,36.05,93,40,14.97
65,Bandarbeyla,SO,2023-01-25 23:59:46,9.4942,50.8122,75.47,66,32,16.4
66,Hami,CN,2023-01-25 23:59:46,42.8,93.45,10.9,43,0,7.72
67,Husavik,IS,2023-01-25 23:59:46,66.0449,-17.3389,30.22,73,100,15.68
68,Santa Rosa,PH,2023-01-25 23:56:22,14.3122,121.1114,79.02,75,79,13.24
69,Dikson,RU,2023-01-25 23:59:47,73.5069,80.5464,0.84,94,100,21.88
70,Salta,AR,2023-01-25 23:56:34,-24.7859,-65.4117,68.59,89,100,3.44
71,Livingston,GB,2023-01-25 23:56:17,55.9029,-3.5226,39.27,85,0,5.75
72,Ekhabi,RU,2023-01-25 23:59:47,53.5102,142.9671,-3.68,90,100,23.76
73,Puerto Ayora,EC,2023-01-25 23:51:40,-0.7393,-90.3518,77.56,91,90,7.0
74,Bhinmal,IN,2023-01-25 23:59:48,25.0,72.25,48.52,25,3,9.44
75,Quesnel,CA,2023-01-25 23:57:51,52.9999,-122.5029,34.3,100,100,2.3
76,Morro Bay,US,2023-01-25 23:59:48,35.3658,-120.8499,65.34,48,0,8.61
77,Mabaruma,GY,2023-01-25 23:59:48,8.2,-59.7833,70.63,93,15,3.13
78,Ingham,US,2023-01-25 23:59:49,42.6,-84.3833,31.95,94,100,10.36
79,Byron Bay,AU,2023-01-25 23:59:49,-28.65,153.6167,86.18,61,29,5.46
80,Cockburn Town,TC,2023-01-25 23:59:49,21.4612,-71.1419,76.96,73,40,11.5
81,Liwale,TZ,2023-01-25 23:59:50,-9.7667,37.9333,70.25,99,100,3.47
82,Key Largo,US,2023-01-25 23:59:41,25.0865,-80.4473,76.98,84,0,7.85
83,Tura,IN,2023-01-25 23:59:50,25.5198,90.2201,59.47,52,72,2.68
84,Manuk Mangkaw,PH,2023-01-25 23:59:50,4.8,119.85,80.06,74,100,3.65
85,Plettenberg Bay,ZA,2023-01-25 23:59:51,-34.0527,23.3716,64.15,74,0,1.95
86,Eureka,US,2023-01-25 23:59:27,40.8021,-124.1637,60.21,71,0,1.99
87,Severo-Kurilsk,RU,2023-01-25 23:59:51,50.6789,156.125,25.88,89,100,14.45
88,Lujan,AR,2023-01-25 23:59:51,-34.5703,-59.105,81.05,80,20,15.08
89,Kavaratti,IN,2023-01-25 23:59:51,10.5669,72.642,79.39,78,77,16.15
90,Avarua,CK,2023-01-25 23:59:52,-21.2078,-159.775,82.45,78,40,9.22
91,Vaini,TO,2023-01-25 23:59:52,-21.2,-175.2,84.36,84,40,8.05
92,Shiringushi,RU,2023-01-26 00:00:52,53.8485,42.7676,16.36,91,13,9.22
93,Hermanus,ZA,2023-01-26 00:00:53,-34.4187,19.2345,60.8,75,57,8.3
94,Mahebourg,MU,2023-01-25 23:51:35,-20.4081,57.7,76.24,94,75,10.36
95,Butaritari,KI,2023-01-26 00:00:53,3.0707,172.7902,81.16,78,86,20.4
96,Port Alfred,ZA,2023-01-26 00:00:54,-33.5906,26.891,67.17,91,56,1.01
97,Kathmandu,NP,2023-01-26 00:00:06,27.7167,85.3167,50.85,78,40,3.44
98,Salitral,PE,2023-01-26 00:00:54,-4.8572,-80.6811,81.25,53,64,17.2
99,Arrifes,PT,2023-01-26 00:00:54,37.7667,-25.7,57.45,72,75,12.66
100,Ponta Do Sol,PT,2023-01-26 00:00:08,32.6667,-17.1,61.72,59,11,11.25
101,San Vicente,AR,2023-01-26 00:00:55,-26.6167,-54.1333,79.43,41,82,1.92
102,Dubuque,US,2023-01-25 23:59:17,42.4833,-90.8668,32.63,77,100,5.01
103,Vestmanna,FO,2023-01-26 00:00:55,62.1564,-7.1664,34.72,87,75,10.36
104,Yellowknife,CA,2023-01-25 23:56:57,62.456,-114.3525,5.52,85,100,11.5
105,Sabang,ID,2023-01-26 00:00:56,5.8933,95.3214,79.48,78,90,16.82
106,Mar Del Plata,AR,2023-01-26 00:00:56,-38.0023,-57.5575,69.1,76,20,20.0
107,Hobart,AU,2023-01-25 23:58:20,-42.8794,147.3294,65.26,54,99,1.99
108,Bria,CF,2023-01-26 00:00:56,6.5423,21.9863,74.16,27,18,4.14
109,Ancud,CL,2023-01-26 00:00:26,-41.8697,-73.8203,57.0,87,91,11.16
110,Mandalgovi,MN,2023-01-26 00:00:57,45.7625,106.2708,-6.74,84,64,7.67
111,Tiksi,RU,2023-01-26 00:00:57,71.6872,128.8694,-32.37,97,100,4.59
112,Northam,GB,2023-01-26 00:00:58,51.0333,-4.2167,44.62,87,26,16.78
113,Axim,GH,2023-01-26 00:00:58,4.8699,-2.2405,79.61,87,0,6.6
114,Clyde River,CA,2023-01-26 00:00:59,70.4692,-68.5914,-12.77,70,100,13.8
115,Pisco,PE,2023-01-26 00:00:59,-13.7,-76.2167,72.01,83,59,6.67
116,Atuona,PF,2023-01-26 00:01:00,-9.8,-139.0333,78.55,75,51,15.37
117,Maxixe,MZ,2023-01-26 00:01:00,-23.8597,35.3472,78.8,63,22,13.8
118,Upernavik,GL,2023-01-26 00:01:00,72.7868,-56.1549,4.6,95,100,11.34
119,Chabahar,IR,2023-01-26 00:01:01,25.2919,60.643,59.54,32,4,11.41
120,Aksu,CN,2023-01-26 00:01:02,41.1231,80.2644,9.43,84,94,4.34
121,Gbarnga,LR,2023-01-26 00:01:04,6.9956,-9.4722,70.03,98,98,0.22
122,Sistranda,NO,2023-01-25 23:57:56,63.7256,8.834,40.96,65,97,22.95
123,Leningradskiy,RU,2023-01-26 00:01:07,69.3833,178.4167,-21.06,90,3,4.29
124,Codrington,AU,2023-01-26 00:01:10,-38.2667,141.9667,63.75,48,57,11.39
125,Yulara,AU,2023-01-26 00:01:11,-25.2406,130.9889,92.1,17,73,16.24
126,Esmeraldas,BR,2023-01-25 23:58:18,-19.7625,-44.3139,74.44,93,37,3.78
127,Shar,KZ,2023-01-26 00:01:20,49.5886,81.0453,0.82,87,89,11.41
128,Fortuna,US,2023-01-26 00:01:22,40.5982,-124.1573,61.14,72,0,8.05
129,Hilo,US,2023-01-26 00:01:23,19.7297,-155.09,81.28,78,35,5.99
130,Geraldton,AU,2023-01-25 23:51:32,-28.7667,114.6,77.41,50,25,8.05
131,Victoria,HK,2023-01-25 23:59:18,22.2855,114.1577,59.95,73,41,4.0
132,Mont-De-Marsan,FR,2023-01-26 00:01:29,44.0,-0.6667,39.78,100,100,5.75
133,Bartica,GY,2023-01-26 00:01:40,6.4,-58.6167,70.57,94,73,3.47
134,Inhambane,MZ,2023-01-26 00:01:41,-23.865,35.3833,79.38,63,24,15.3
135,Schweinfurt,DE,2023-01-26 00:01:44,50.05,10.2333,31.59,86,99,0.83
136,Salalah,OM,2023-01-26 00:02:21,17.0151,54.0924,71.29,73,72,11.95
137,Cabedelo,BR,2023-01-26 00:02:44,-6.9811,-34.8339,79.61,72,0,11.3
138,Kuna,US,2023-01-26 00:00:59,43.4918,-116.4201,40.48,70,60,9.22
139,Kapit,MY,2023-01-26 00:02:45,2.0167,112.9333,73.53,99,100,1.36
140,Bethel,US,2023-01-26 00:01:17,41.3712,-73.414,39.56,86,100,1.99
141,Marsh Harbour,BS,2023-01-26 00:02:45,26.5412,-77.0636,75.15,82,5,12.26
142,Moron,AR,2023-01-26 00:02:46,-34.6534,-58.6198,81.05,83,15,13.96
143,Esperance,AU,2023-01-26 00:02:46,-33.8667,121.9,68.54,70,61,7.85
144,Ilulissat,GL,2023-01-26 00:02:46,69.2167,-51.1,24.82,80,100,3.44
145,Kapaa,US,2023-01-26 00:02:47,22.0752,-159.319,79.12,76,40,19.57
146,Lewiston,US,2023-01-25 23:58:58,44.1003,-70.2148,26.24,92,100,1.01
147,Obo,CF,2023-01-26 00:02:47,5.3998,26.4869,74.17,34,73,4.7
148,Gamba,GA,2023-01-26 00:02:47,-2.65,10.0,78.19,86,20,7.63
149,Luwuk,ID,2023-01-26 00:02:48,-0.9516,122.7875,81.21,76,100,1.63
150,Puerto Del Rosario,ES,2023-01-26 00:02:48,28.5004,-13.8627,62.35,55,75,26.46
151,Lubuagan,PH,2023-01-26 00:02:48,17.3548,121.1747,60.66,87,59,1.52
152,Sambava,MG,2023-01-26 00:02:49,-14.2667,50.1667,76.03,88,100,2.73
153,Pevek,RU,2023-01-26 00:02:49,69.7008,170.3133,-17.28,74,2,1.54
154,Gorom-Gorom,BF,2023-01-26 00:02:49,14.4439,-0.2361,80.2,13,42,6.13
155,Galle,LK,2023-01-26 00:02:50,6.0367,80.217,73.62,88,94,2.33
156,Troitskoye,RU,2023-01-26 00:02:50,52.9821,84.6757,18.01,93,100,17.9
157,Lompoc,US,2023-01-26 00:02:50,34.6391,-120.4579,68.14,63,0,4.61
158,Avera,US,2023-01-26 00:02:51,33.194,-82.5271,60.85,84,100,12.86
159,Saint-Philippe,RE,2023-01-26 00:02:51,-21.3585,55.7679,74.79,88,100,7.76
160,Vanimo,PG,2023-01-26 00:02:52,-2.6741,141.3028,82.26,73,96,4.5
161,Provideniya,RU,2023-01-25 23:57:53,64.3833,-173.3,-6.65,71,100,17.9
162,Camden,US,2023-01-26 00:02:52,39.7835,-74.9663,51.57,89,100,8.99
163,Vostok,RU,2023-01-26 00:00:44,46.4856,135.8833,-18.58,93,97,2.62
164,Saint-Georges,GD,2023-01-26 00:02:53,12.0564,-61.7485,75.16,82,36,14.25
165,Talcahuano,CL,2023-01-26 00:02:53,-36.7167,-73.1167,62.28,67,0,16.11
166,Mitsamiouli,KM,2023-01-26 00:02:53,-11.3847,43.2844,81.43,82,100,17.9
167,Tigzirt,DZ,2023-01-26 00:02:54,36.8886,4.1198,50.47,80,89,12.46
168,Thompson,CA,2023-01-25 23:58:51,55.7435,-97.8558,-5.64,77,75,4.61
169,Nanortalik,GL,2023-01-26 00:02:54,60.1432,-45.2371,33.94,97,100,10.87
170,Westport,US,2023-01-26 00:02:40,41.1415,-73.3579,45.09,89,100,21.85
171,Taoudenni,ML,2023-01-26 00:02:54,22.6783,-3.9836,67.53,13,97,8.43
172,East London,ZA,2023-01-26 00:02:55,-33.0153,27.9116,68.09,89,79,13.15
173,Pointe Michel,DM,2023-01-26 00:02:55,15.25,-61.3833,77.27,74,44,14.56
174,Otradnoye,RU,2023-01-26 00:02:55,59.7775,30.8181,37.45,97,100,10.8
175,Hay River,CA,2023-01-26 00:00:36,60.8156,-115.7999,7.99,94,99,7.83
176,Norfolk,US,2023-01-26 00:00:37,42.1668,-71.2495,35.35,88,100,10.36
177,Anchorage,US,2023-01-25 23:59:45,61.2181,-149.9003,39.34,87,100,7.0
178,Chuy,UY,2023-01-25 23:58:00,-33.6971,-53.4616,73.29,75,91,9.6
179,Hithadhoo,MV,2023-01-26 00:02:56,-0.6,73.0833,81.25,74,64,10.94
180,Verkhniy Avzyan,RU,2023-01-26 00:02:56,53.5289,57.5372,-4.63,100,75,2.04
181,Saskylakh,RU,2023-01-26 00:02:57,71.9167,114.0833,-26.57,97,92,9.17
182,Kaputa,ZM,2023-01-26 00:03:57,-8.4689,29.6619,67.01,87,100,2.51
183,Manicore,BR,2023-01-26 00:03:57,-5.8092,-61.3003,75.15,100,20,2.3
184,Comodoro Rivadavia,AR,2023-01-26 00:01:35,-45.8667,-67.5,68.27,36,68,26.42
185,Tuatapere,NZ,2023-01-26 00:03:58,-46.1333,167.6833,75.29,38,39,4.94
186,Mastic Beach,US,2023-01-26 00:03:58,40.7668,-72.8521,45.99,93,100,18.01
187,Praya,CV,2023-01-26 00:03:58,14.9215,-23.5087,69.39,74,91,6.17
188,Vestmannaeyjar,IS,2023-01-26 00:03:59,63.4427,-20.2734,43.3,74,100,17.76
189,Bayji,IQ,2023-01-26 00:03:59,34.9311,43.487,48.25,38,43,5.68
190,Satuk,TR,2023-01-26 00:03:59,41.2263,32.3836,33.22,78,4,3.33
191,Behshahr,IR,2023-01-26 00:04:00,36.6923,53.5526,37.49,75,10,3.4
192,Novobataysk,RU,2023-01-26 00:04:00,46.8981,39.7819,30.81,46,0,11.18
193,Naze,JP,2023-01-26 00:04:01,28.3667,129.4833,51.6,59,56,1.12
194,Ampanihy,MG,2023-01-26 00:04:01,-24.7,44.75,73.27,82,100,17.16
195,Roros,NO,2023-01-26 00:04:02,62.5747,11.3842,30.04,86,40,9.22
196,Haines Junction,CA,2023-01-26 00:04:02,60.7522,-137.5108,36.93,90,72,8.84
197,Mirnyy,RU,2023-01-26 00:04:02,62.5353,113.9611,-40.18,100,100,2.39
198,Kruisfontein,ZA,2023-01-26 00:04:03,-34.0033,24.7314,59.88,91,0,4.27
199,Lisala,CD,2023-01-26 00:04:03,2.15,21.5167,72.52,59,91,0.98
200,Gharghoda,IN,2023-01-26 00:04:04,22.1667,83.35,62.01,40,15,2.24
201,Barrow,US,2023-01-26 00:04:04,71.2906,-156.7887,-16.58,76,0,12.66
202,Namibe,AO,2023-01-26 00:04:04,-15.1961,12.1522,74.44,83,100,5.5
203,Saint-Pierre,RE,2023-01-26 00:04:05,-21.3393,55.4781,74.88,88,100,8.05
204,Faya,SA,2023-01-26 00:04:05,18.3851,42.4509,54.12,53,0,4.14
205,Salair,RU,2023-01-26 00:04:05,54.2312,85.7972,15.35,89,100,18.7
206,Mana,GF,2023-01-26 00:04:06,5.6592,-53.7767,73.78,81,33,4.74
207,Saint-Francois,FR,2023-01-26 00:02:35,46.4154,3.9054,35.04,87,100,11.5
208,Luorong,CN,2023-01-26 00:04:06,24.4058,109.6086,49.3,46,71,3.31
209,Portland,US,2023-01-26 00:00:10,45.5234,-122.6762,48.56,84,76,3.0
210,Alghero,IT,2023-01-26 00:04:06,40.5589,8.3181,44.69,93,75,8.05
211,Nuuk,GL,2023-01-26 00:00:19,64.1835,-51.7216,23.85,92,100,11.61
212,Alekseyevskaya,RU,2023-01-26 00:04:07,50.2896,42.1845,16.81,89,5,3.06
213,Umm Kaddadah,SD,2023-01-26 00:04:07,13.6017,26.6876,63.54,19,66,11.97
214,Sao Filipe,CV,2023-01-26 00:04:08,14.8961,-24.4956,70.57,69,100,5.86
215,Boksitogorsk,RU,2023-01-26 00:04:08,59.474,33.8485,31.6,98,100,10.38
216,Nouadhibou,MR,2023-01-26 00:04:08,20.931,-17.0347,65.26,67,87,15.75
217,Christchurch,NZ,2023-01-26 00:04:06,-43.5333,172.6333,81.32,39,70,8.05
218,Thoen,TH,2023-01-26 00:04:09,17.6129,99.2161,61.05,81,1,0.45
219,Biak,ID,2023-01-26 00:04:09,-0.9131,122.8766,79.43,74,100,2.71
220,Seymchan,RU,2023-01-26 00:04:10,62.8833,152.4333,-21.69,93,100,4.81
221,Astoria,US,2023-01-26 00:04:10,46.1879,-123.8313,50.86,80,0,8.05
222,Narsaq,GL,2023-01-26 00:04:10,60.9167,-46.05,32.22,99,100,8.01
223,Pemberton,CA,2023-01-26 00:00:27,50.3164,-122.8027,42.12,93,49,0.11
224,Mahibadhoo,MV,2023-01-26 00:02:01,3.7833,72.9667,79.3,77,97,8.72
225,Tasiilaq,GL,2023-01-26 00:04:11,65.6145,-37.6368,26.76,95,100,22.91
226,Buraydah,SA,2023-01-26 00:04:11,26.326,43.975,54.93,81,93,12.15
227,Katsuura,JP,2023-01-26 00:00:33,35.1333,140.3,37.04,34,21,1.59
228,Kamskiye Polyany,RU,2023-01-26 00:04:12,55.4307,51.4171,23.81,96,100,11.23
229,Swan River,CA,2023-01-26 00:04:12,52.1058,-101.2676,7.21,98,96,1.21
230,Bilma,NE,2023-01-26 00:03:13,18.6853,12.9164,70.57,13,4,6.49
231,Cravo Norte,CO,2023-01-26 00:05:13,6.3017,-70.2041,83.03,37,15,6.98
232,Kaitangata,NZ,2023-01-26 00:01:59,-46.2817,169.8464,70.5,55,93,6.13
233,Ballitoville,ZA,2023-01-26 00:05:13,-29.539,31.2144,70.25,86,100,5.68
234,Sinnamary,GF,2023-01-26 00:05:13,5.3833,-52.95,74.77,80,49,5.7
235,Airai,TL,2023-01-26 00:05:14,-8.9266,125.4092,67.95,70,96,1.45
236,Koulikoro,ML,2023-01-26 00:05:14,14.0,-7.75,77.7,21,71,8.01
237,Balkhash,KZ,2023-01-26 00:05:14,46.844,74.9804,-7.62,98,17,7.7
238,Khorixas,NA,2023-01-26 00:05:15,-20.3667,14.9667,74.25,57,100,4.54
239,Tuktoyaktuk,CA,2023-01-26 00:05:15,69.4541,-133.0374,-14.8,76,20,10.36
240,Trelew,AR,2023-01-26 00:01:36,-43.249,-65.3051,75.65,20,97,3.74
241,Karratha,AU,2023-01-26 00:05:16,-20.7377,116.8463,88.43,56,11,10.16
242,Pontes E Lacerda,BR,2023-01-26 00:05:16,-15.2261,-59.3353,74.43,94,100,2.37
243,Tiznit,MA,2023-01-26 00:05:17,29.5833,-9.5,46.83,75,0,5.66
244,Middelburg,ZA,2023-01-26 00:05:17,-25.7751,29.4648,58.55,85,4,18.34
245,Maragogi,BR,2023-01-26 00:05:17,-9.0122,-35.2225,78.94,74,5,12.39
246,Port Hedland,AU,2023-01-26 00:05:18,-20.3167,118.5667,89.65,62,42,9.22
247,Surgut,RU,2023-01-26 00:05:18,61.25,73.4167,8.78,84,0,11.18
248,Zhigansk,RU,2023-01-26 00:05:18,66.7697,123.3711,-35.86,97,100,6.91
249,Barrafranca,IT,2023-01-26 00:05:19,37.3791,14.2011,42.12,93,99,1.01
250,Marzuq,YE,2023-01-26 00:05:19,14.4,46.4667,59.07,84,19,6.58
251,Half Moon Bay,US,2023-01-26 00:00:46,37.4636,-122.4286,67.91,48,0,13.8
252,Itarema,BR,2023-01-26 00:05:19,-2.9248,-39.9167,77.05,82,89,7.25
253,Opuwo,NA,2023-01-26 00:01:40,-18.0607,13.84,69.3,70,96,4.43
254,Arkhangelskoye,RU,2023-01-26 00:05:20,55.8549,35.3287,26.8,79,100,11.39
255,Progreso,MX,2023-01-26 00:05:20,21.2833,-89.6667,79.11,86,1,16.69
256,Jalu,LY,2023-01-26 00:05:21,29.0331,21.5482,59.43,40,71,16.93
257,Pacific Grove,US,2023-01-26 00:00:22,36.6177,-121.9166,65.21,49,0,8.99
258,Bonwapitse,BW,2023-01-26 00:05:21,-23.0766,26.7037,70.7,56,4,17.07
259,Mongar,BT,2023-01-26 00:05:21,27.2747,91.2396,41.36,79,97,5.21
260,Simbakoro,SL,2023-01-26 00:05:22,8.6,-11.0167,68.83,94,83,3.27
261,Arusha,TZ,2023-01-26 00:05:22,-3.3667,36.6833,62.49,77,67,5.35
262,Adrar,MR,2023-01-26 00:05:22,20.5022,-10.0711,66.42,12,94,10.58
263,Paramonga,PE,2023-01-26 00:05:23,-10.6667,-77.8333,73.09,76,77,7.11
264,Luderitz,NA,2023-01-26 00:05:23,-26.6481,15.1594,63.72,65,0,19.33
265,Nieuw Amsterdam,SR,2023-01-26 00:05:24,5.8833,-55.0833,76.01,83,21,6.08
266,Vondrozo,MG,2023-01-26 00:05:24,-22.8167,47.2833,68.72,98,100,6.8
267,Marsabit,KE,2023-01-26 00:05:24,2.3284,37.9899,68.45,40,0,7.31
268,Labuhan,ID,2023-01-26 00:05:25,-6.8844,112.2051,77.59,86,100,7.31
269,Flinders,AU,2023-01-26 00:05:25,-34.5833,150.8552,88.05,69,1,7.0
270,Xai-Xai,MZ,2023-01-26 00:05:25,-25.0519,33.6442,76.32,81,3,13.27
271,Savelugu,GH,2023-01-26 00:05:26,9.6244,-0.8253,84.99,15,0,5.88
272,Palmer,US,2023-01-26 00:05:26,42.1584,-72.3287,34.5,82,100,8.05
273,San Patricio,US,2023-01-26 00:05:26,28.017,-97.5169,60.84,45,0,5.39
274,Bereda,ES,2023-01-26 00:06:27,43.2686,-7.5406,41.41,99,84,3.4
275,Grimsby,GB,2023-01-26 00:06:27,53.5654,-0.0755,41.29,90,16,13.8
276,Saquarema,BR,2023-01-26 00:06:28,-22.92,-42.5103,74.08,89,6,4.36
277,Tahe,CN,2023-01-26 00:06:28,52.3333,124.7333,-17.73,98,100,0.67
278,Kenitra,MA,2023-01-26 00:06:28,34.261,-6.5802,38.16,76,1,7.27
279,Igarka,RU,2023-01-26 00:06:29,67.4667,86.5833,-3.59,93,100,21.85
280,Chipinge,ZW,2023-01-26 00:06:29,-20.1883,32.6236,62.76,88,76,6.76
281,Tawang,IN,2023-01-26 00:06:29,27.5833,91.8667,32.68,55,22,5.5
282,Saint George,US,2023-01-26 00:06:30,37.1041,-113.5841,49.42,31,0,17.27
283,Yarmouth,US,2023-01-26 00:06:30,41.7057,-70.2286,39.96,88,100,13.8
284,Poum,NC,2023-01-26 00:06:30,-20.2333,164.0167,83.12,75,4,7.74
285,Auki,SB,2023-01-26 00:06:31,-8.7676,160.7034,83.05,74,99,1.61
286,Verkhnyaya Khava,RU,2023-01-26 00:06:31,51.8404,39.9413,8.67,86,5,5.17
287,Methoni,GR,2023-01-26 00:06:32,36.8197,21.7049,58.21,77,100,24.2
288,Taitung,TW,2023-01-26 00:06:32,22.7583,121.1444,53.87,87,75,4.61
289,Kavieng,PG,2023-01-26 00:06:32,-2.5744,150.7967,83.75,69,100,8.88
290,Taksimo,RU,2023-01-26 00:06:33,56.3444,114.8794,-18.33,98,100,0.4
291,Kargil,IN,2023-01-26 00:06:33,34.5667,76.1,2.84,94,92,2.91
292,Saint Anthony,US,2023-01-26 00:06:33,45.0205,-93.218,25.86,84,100,16.11
293,Gondar,ET,2023-01-26 00:06:33,12.6,37.4667,58.51,29,11,5.64
294,Lorengau,PG,2023-01-26 00:06:34,-2.0226,147.2712,82.09,80,99,7.87
295,Quatre Cocos,MU,2023-01-26 00:06:34,-20.2078,57.7625,74.08,95,100,13.13
296,Sokoni,TZ,2023-01-26 00:06:34,-6.4333,39.55,80.24,83,100,13.53
297,Chicama,PE,2023-01-26 00:06:35,-7.8447,-79.1469,70.34,66,34,6.42
298,College,US,2023-01-26 00:06:35,64.8569,-147.8028,9.9,78,100,0.0
299,Cidreira,BR,2023-01-26 00:06:35,-30.1811,-50.2056,77.0,85,7,14.23
300,Colomi,BO,2023-01-26 00:06:36,-17.35,-65.8667,51.44,83,100,3.76
301,Zyryanka,RU,2023-01-26 00:06:36,65.75,150.85,-38.06,100,100,4.09
302,Ribeira Brava,PT,2023-01-26 00:06:36,32.65,-17.0667,61.72,61,12,12.39
303,Roseburg,US,2023-01-26 00:06:37,43.2165,-123.3417,37.51,87,100,0.0
304,Kudahuvadhoo,MV,2023-01-26 00:06:37,2.6708,72.8944,79.36,75,95,5.19
305,Mansa,IN,2023-01-26 00:03:56,29.9833,75.3833,46.47,82,0,6.38
306,Dingle,PH,2023-01-26 00:06:37,10.9995,122.6711,74.79,91,96,10.63
307,Port Macquarie,AU,2023-01-26 00:06:38,-31.4333,152.9167,83.89,60,5,5.91
308,Teguise,ES,2023-01-26 00:06:38,29.0605,-13.564,57.42,63,40,9.22
309,Murray Bridge,AU,2023-01-26 00:06:38,-35.1167,139.2667,70.12,61,92,11.1
310,Margate,GB,2023-01-26 00:06:37,51.3813,1.3862,43.9,95,100,10.0
311,Kamaishi,JP,2023-01-26 00:06:39,39.2667,141.8833,29.44,58,23,18.7
312,Castro,BR,2023-01-26 00:02:53,-24.7911,-50.0119,67.3,70,2,7.63
313,Alekseyevsk,RU,2023-01-26 00:06:39,57.8406,108.3492,-5.3,98,100,6.64
314,Lavrentiya,RU,2023-01-26 00:06:39,65.5833,-171.0,-13.83,90,92,10.49
315,Asau,RO,2023-01-26 00:06:40,46.4333,26.4,27.52,95,80,1.52
316,Manado,ID,2023-01-26 00:06:40,1.487,124.8455,77.77,94,40,2.3
317,Nybro,SE,2023-01-26 00:06:40,56.7446,15.9071,35.24,94,100,8.01
318,Aguimes,ES,2023-01-26 00:06:41,27.9054,-15.4461,61.43,52,75,18.41
319,Bilopillya,UA,2023-01-26 00:06:41,51.1502,34.3129,25.47,77,0,2.68
320,Huilong,CN,2023-01-26 00:06:41,31.8111,121.655,37.92,78,20,6.67
321,Vanavara,RU,2023-01-26 00:07:42,60.34,102.2797,-17.16,99,100,3.69
322,Stykkisholmur,IS,2023-01-26 00:07:42,65.0757,-22.7297,34.59,96,100,16.84
323,Gat,IL,2023-01-26 00:07:42,31.61,34.7642,54.39,78,0,3.83
324,Mnogovershinnyy,RU,2023-01-26 00:07:42,53.9353,139.9242,-12.73,83,96,5.99
325,Qingdao,CN,2023-01-26 00:07:43,36.0986,120.3719,26.58,38,63,4.76
326,Aksarka,RU,2023-01-26 00:07:43,66.5606,67.7975,10.29,92,75,11.99
327,Cancun,MX,2023-01-26 00:03:22,21.1743,-86.8466,82.06,78,40,11.5
328,Gravdal,NO,2023-01-26 00:07:44,68.1214,13.5031,34.59,68,100,21.52
329,Bengkulu,ID,2023-01-26 00:07:44,-3.8004,102.2655,75.15,87,100,4.25
330,Makanya,TZ,2023-01-26 00:07:44,-4.3667,37.8333,70.95,66,84,3.22
331,Nara,JP,2023-01-26 00:04:33,34.6851,135.8049,37.96,48,11,8.95
332,Ceccano,IT,2023-01-26 00:07:45,41.5677,13.3333,45.19,88,81,5.01
333,Hasaki,JP,2023-01-26 00:07:45,35.7333,140.8333,34.29,32,5,9.98
334,South Venice,US,2023-01-26 00:07:45,27.0531,-82.4243,74.1,94,0,12.66
335,Port Hardy,CA,2023-01-26 00:07:46,50.6996,-127.4199,45.36,89,61,2.55
336,Sao Miguel Do Araguaia,BR,2023-01-26 00:07:13,-13.275,-50.1628,74.55,89,92,0.04
337,Kalemie,CD,2023-01-26 00:07:46,-5.9475,29.1947,66.76,91,100,5.84
338,Angoche,MZ,2023-01-26 00:07:47,-16.2325,39.9086,75.76,93,100,13.69
339,Huainan,CN,2023-01-26 00:07:47,32.6264,116.9969,29.86,50,52,2.37
340,Nishihara,JP,2023-01-26 00:07:47,26.1842,127.7558,60.85,63,40,9.22
341,Tarnos,FR,2023-01-26 00:07:48,43.5417,-1.4628,39.61,100,100,1.14
342,Hirschaid,DE,2023-01-26 00:07:48,49.8194,10.9908,32.74,93,100,0.45
343,Snezhnogorsk,RU,2023-01-26 00:07:48,69.1933,33.2531,22.78,88,42,20.51
344,Vygonichi,RU,2023-01-26 00:07:49,53.0985,34.0673,24.91,86,16,11.18
345,Mawlamyine,MM,2023-01-26 00:07:49,16.4914,97.6256,66.34,64,9,4.72
346,Mayor Pablo Lagerenza,PY,2023-01-26 00:07:49,-19.9309,-60.7718,88.61,46,97,8.88
347,The Valley,AI,2023-01-26 00:07:50,18.217,-63.0578,78.1,79,4,18.75
348,Nikolskoye,RU,2023-01-26 00:07:50,59.7035,30.7861,37.29,97,100,10.54
349,Champerico,GT,2023-01-26 00:07:50,14.3,-91.9167,88.34,67,24,12.68
350,Akle,PH,2023-01-26 00:07:51,15.0482,121.0733,72.79,77,78,6.96
351,Kahului,US,2023-01-26 00:07:51,20.8947,-156.47,82.42,65,40,11.5
352,Kiunga,PG,2023-01-26 00:07:51,-6.1219,141.2906,74.07,98,100,1.05
353,Alice Springs,AU,2023-01-26 00:06:59,-23.7,133.8833,89.15,40,97,3.0
354,Aksha,RU,2023-01-26 00:07:52,50.2814,113.2867,-10.5,91,88,5.26
355,Acapulco,MX,2023-01-26 00:05:51,16.8634,-99.8901,82.22,69,0,8.05
356,Sioux Lookout,CA,2023-01-26 00:07:52,50.1001,-91.917,-5.6,100,74,2.98
357,Anage,BR,2023-01-26 00:07:34,-14.6122,-41.1356,74.73,83,64,3.94
358,Marawi,PH,2023-01-26 00:07:53,7.9986,124.2928,67.32,90,100,1.88
359,Monroe,US,2023-01-26 00:07:53,43.1501,-77.6831,38.01,94,100,4.0
360,Tongliao,CN,2023-01-26 00:06:00,43.6125,122.2653,-4.04,59,18,7.99
361,Constantine,DZ,2023-01-26 00:07:54,36.365,6.6147,35.01,93,75,3.44
362,Kosterevo,RU,2023-01-26 00:07:54,55.9299,39.6144,22.82,91,98,9.51
363,Turkmenabat,TM,2023-01-26 00:08:54,39.0733,63.5786,25.68,73,1,3.91
364,San Anselmo,US,2023-01-26 00:08:55,37.9747,-122.5616,68.99,49,0,4.61
365,Maltahohe,NA,2023-01-26 00:08:55,-24.8333,16.9833,79.12,28,41,9.53
366,Namatanai,PG,2023-01-26 00:08:55,-3.6667,152.4333,84.65,64,94,7.29
367,Sakhon Nakhon,TH,2023-01-26 00:08:56,17.1612,104.1472,54.25,79,2,3.69
368,Batouri,CM,2023-01-26 00:08:56,4.4333,14.3667,73.11,26,90,0.94
369,Redlands,US,2023-01-26 00:06:15,34.0556,-117.1825,69.51,24,0,14.97
370,Emerald,AU,2023-01-26 00:06:55,-23.5333,148.1667,83.34,63,32,10.67
371,Santa Isabel Do Rio Negro,BR,2023-01-26 00:08:56,-0.4139,-65.0192,76.46,71,61,2.48
372,Guerrero Negro,MX,2023-01-26 00:07:33,27.9769,-114.0611,66.96,26,84,6.24
373,Timmins,CA,2023-01-26 00:08:57,48.4669,-81.3331,17.24,96,100,4.65
374,Dayong,CN,2023-01-26 00:08:57,25.0209,118.2898,45.27,64,0,2.95
375,Hovd,MN,2023-01-26 00:08:57,48.0056,91.6419,-6.29,68,2,6.15
376,Kyrylivka,UA,2023-01-26 00:08:58,46.3759,35.3675,32.5,75,3,7.02
377,Broken Hill,AU,2023-01-26 00:08:58,-31.95,141.4333,76.87,26,18,22.21
378,Buin,CL,2023-01-26 00:08:29,-33.7333,-70.75,81.43,47,0,5.73
379,Kindersley,CA,2023-01-26 00:08:58,51.4668,-109.1682,15.33,95,91,5.12
380,Cherskiy,RU,2023-01-26 00:08:59,68.75,161.3,-32.66,97,39,3.02
381,Norman Wells,CA,2023-01-26 00:08:59,65.282,-126.8329,-3.41,97,100,7.09
382,Guasdualito,VE,2023-01-26 00:08:59,7.2424,-70.7324,80.47,43,22,4.23
383,Sangar,RU,2023-01-26 00:09:00,63.9242,127.4739,-55.5,99,45,2.06
384,Praia Da Vitoria,PT,2023-01-26 00:09:00,38.7333,-27.0667,58.75,81,57,17.11
385,Perth,AU,2023-01-26 00:07:03,-31.9333,115.8333,75.04,60,0,12.66
386,Grindavik,IS,2023-01-26 00:09:01,63.8424,-22.4338,41.47,81,75,17.27
387,Erenhot,CN,2023-01-26 00:09:01,43.6475,111.9767,-1.34,84,66,7.4
388,Kouango,CF,2023-01-26 00:09:01,4.9934,19.9619,77.86,27,7,1.95
389,Mingyue,CN,2023-01-26 00:09:02,43.1069,128.9217,0.86,91,65,2.64
390,Arraial Do Cabo,BR,2023-01-26 00:04:39,-22.9661,-42.0278,75.22,85,30,7.94
391,Maneadero,MX,2023-01-26 00:09:02,31.7167,-116.5667,65.1,44,38,1.01
392,Altus,US,2023-01-26 00:07:39,34.6381,-99.334,41.07,68,0,13.8
393,Bud,US,2023-01-26 00:09:02,39.447,-86.1758,34.92,95,100,12.75
394,Ulagan,RU,2023-01-26 00:09:03,50.6321,87.9563,-9.22,92,92,1.54
395,Wabash,US,2023-01-26 00:09:04,40.7978,-85.8205,34.32,97,100,12.19
396,Kitob,UZ,2023-01-26 00:09:04,39.0843,66.8332,23.18,78,7,3.65
397,Takaungu,KE,2023-01-26 00:09:04,-3.6837,39.8566,76.91,85,14,13.33
398,Pontiac,US,2023-01-26 00:08:08,42.6389,-83.2911,31.66,95,100,11.5
399,Ngama,TD,2023-01-26 00:09:05,11.7833,17.1667,75.29,13,100,7.27
400,Kimparana,ML,2023-01-26 00:09:05,12.8347,-4.9244,83.95,16,12,7.87
401,Tete,MZ,2023-01-26 00:09:06,-16.1564,33.5867,72.73,95,100,1.14
402,Sohag,EG,2023-01-26 00:07:07,26.557,31.6948,55.71,52,0,6.69
403,Qalyub,EG,2023-01-26 00:09:06,30.1792,31.2056,57.99,76,0,6.8
404,Nome,US,2023-01-26 00:09:06,64.5011,-165.4064,-7.53,59,75,4.61
405,Molochnoye,RU,2023-01-26 00:09:07,59.2917,39.6787,33.03,96,100,15.59
406,Berlevag,NO,2023-01-26 00:09:07,70.8578,29.0864,33.75,75,100,27.63
407,Labuan,MY,2023-01-26 00:09:07,5.2767,115.2417,79.48,79,84,6.04
408,Manokwari,ID,2023-01-26 00:09:08,-0.8667,134.0833,82.27,74,95,8.39
409,Lixourion,GR,2023-01-26 00:09:08,38.2019,20.4314,56.01,84,100,25.19
410,Nordby,DK,2023-01-26 00:10:08,55.446,8.3979,43.05,96,100,1.14
411,Masterton,NZ,2023-01-26 00:10:09,-40.9597,175.6575,71.89,49,57,1.61
412,Solvychegodsk,RU,2023-01-26 00:10:09,61.3305,46.9156,32.16,92,100,14.94
413,Atlantic City,US,2023-01-26 00:06:49,39.3643,-74.4229,51.98,94,100,21.85
414,Adeje,ES,2023-01-26 00:10:10,28.1227,-16.726,63.01,57,20,28.77
415,Virginia Beach,US,2023-01-26 00:10:10,36.8529,-75.978,61.05,79,100,11.5
416,Fallon,US,2023-01-26 00:10:10,39.4735,-118.7774,42.67,60,40,5.75
417,Royan,FR,2023-01-26 00:10:11,45.6285,-1.0281,33.78,83,100,5.26
418,Sitka,US,2023-01-26 00:10:11,57.0531,-135.33,44.49,93,100,12.66
419,Kidal,ML,2023-01-26 00:10:11,18.4411,1.4078,74.03,15,55,11.12
420,Prieska,ZA,2023-01-26 00:10:12,-29.6641,22.7474,78.67,15,34,3.51
421,Acajutla,SV,2023-01-26 00:10:12,13.5928,-89.8275,80.87,72,77,9.04
422,Hofn,IS,2023-01-26 00:10:12,64.2539,-15.2082,33.98,73,100,11.03
423,Ormara,PK,2023-01-26 00:10:13,25.2088,64.6357,58.84,33,0,14.45
424,Mumford,GH,2023-01-26 00:10:13,5.2618,-0.759,79.5,89,0,8.75
425,Kilindoni,TZ,2023-01-26 00:10:13,-7.9139,39.6668,80.69,79,78,13.73
426,Soure,BR,2023-01-26 00:10:14,-0.7167,-48.5233,75.47,90,91,7.81
427,Zabol,AF,2023-01-26 00:10:14,32.25,67.25,20.32,69,5,6.35
428,Islamkot,PK,2023-01-26 00:10:14,24.6997,70.177,50.36,14,20,11.83
429,Saldanha,ZA,2023-01-26 00:10:15,-33.0117,17.9442,62.87,84,22,19.62
430,Worthington,US,2023-01-26 00:10:15,40.0931,-83.018,39.25,85,100,23.02
431,Wanning,CN,2023-01-26 00:10:15,18.8003,110.3967,61.68,91,31,5.5
432,Uribia,CO,2023-01-26 00:10:16,11.7139,-72.266,79.79,65,69,15.9
433,Chinchani,IN,2023-01-26 00:10:16,19.8667,72.7,63.95,47,31,14.9
434,Parakai,NZ,2023-01-26 00:10:16,-36.65,174.4333,76.24,56,68,15.14
435,Fredericton,CA,2023-01-26 00:10:17,45.9454,-66.6656,14.43,70,100,3.11
436,Baherden,TM,2023-01-26 00:10:17,38.4362,57.4316,31.28,42,0,5.1
437,Chico,US,2023-01-26 00:10:13,39.7285,-121.8375,67.89,39,0,14.97
438,Carauari,BR,2023-01-26 00:08:47,-4.8828,-66.8958,73.76,96,93,2.28
439,Fukue,JP,2023-01-26 00:10:18,32.6881,128.8419,45.66,73,100,8.16
440,Nuqui,CO,2023-01-26 00:10:18,5.7125,-77.2708,78.57,87,100,5.61
441,Ayagoz,KZ,2023-01-26 00:10:18,47.9714,80.4392,-11.04,99,87,2.51
442,Arad,RO,2023-01-26 00:10:19,46.3333,21.75,35.91,68,40,4.43
443,Nicoya,CR,2023-01-26 00:10:19,10.1483,-85.452,79.38,74,85,5.75
444,Hazorasp,UZ,2023-01-26 00:10:20,41.3194,61.0742,19.24,51,98,5.23
445,Awjilah,LY,2023-01-26 00:10:20,29.1081,21.2869,60.17,38,80,18.99
446,Buchanan,LR,2023-01-26 00:10:20,5.8808,-10.0467,75.79,89,85,7.54
447,Jiuquan,CN,2023-01-26 00:10:21,39.7432,98.5174,6.04,72,67,6.15
448,Coihaique,CL,2023-01-26 00:10:21,-45.5752,-72.0662,51.75,76,40,4.61
449,Talnakh,RU,2023-01-26 00:10:21,69.4865,88.3972,-3.8,92,100,17.74
450,Pavlohrad,UA,2023-01-26 00:10:22,48.5167,35.8667,27.81,61,0,4.81
451,Quelimane,MZ,2023-01-26 00:10:22,-17.8786,36.8883,75.65,93,96,8.55
452,Marand,IR,2023-01-26 00:10:23,38.4329,45.7749,23.85,60,3,1.68
453,Gemena,CD,2023-01-26 00:10:23,3.25,19.7667,72.95,39,39,2.24
454,Nchelenge,ZM,2023-01-26 00:10:23,-9.3451,28.734,69.21,84,100,3.44
455,Fauske,NO,2023-01-26 00:10:24,67.2588,15.3918,35.78,89,100,6.91
456,Praia,CV,2023-01-26 00:10:24,14.9215,-23.5087,69.39,74,91,6.17
457,Moose Factory,CA,2023-01-26 00:11:25,51.2585,-80.6094,-11.22,84,75,4.61
458,Matara,LK,2023-01-26 00:11:25,5.9485,80.5353,72.14,89,88,3.27
459,Ostrovnoy,RU,2023-01-26 00:11:26,68.0531,39.5131,21.67,92,91,20.47
460,Sao Jose Da Coroa Grande,BR,2023-01-26 00:11:26,-8.8978,-35.1478,78.96,74,3,12.39
461,Rach Gia,VN,2023-01-26 00:11:26,10.0167,105.0833,73.36,66,100,10.11
462,Antalaha,MG,2023-01-26 00:11:27,-14.9003,50.2788,74.48,90,100,4.76
463,Tambovka,RU,2023-01-26 00:11:27,50.0969,128.0489,-42.2,100,61,1.92
464,Chaihe,CN,2023-01-26 00:11:28,44.7667,129.7,-16.42,97,23,0.92
465,Saint-Augustin,CA,2023-01-26 00:11:28,51.226,-58.6502,-1.08,78,2,7.74
466,Sao Joao Da Barra,BR,2023-01-26 00:07:38,-21.6403,-41.0511,74.17,91,69,9.08
467,Pangai,TO,2023-01-26 00:07:19,-19.8,-174.35,82.98,69,7,3.22
468,Ahuimanu,US,2023-01-26 00:11:29,21.4447,-157.8378,82.11,58,40,16.11
469,Tweed,CA,2023-01-26 00:11:29,44.4751,-77.3162,27.59,95,100,13.85
470,Belmonte,BR,2023-01-26 00:11:30,-15.8631,-38.8828,78.75,79,100,8.99
471,Yashkul,RU,2023-01-26 00:11:30,46.1711,45.3435,25.27,68,0,7.36
472,La Cumbre,AR,2023-01-26 00:11:30,-30.982,-64.4914,70.18,65,19,4.29
473,Inyonga,TZ,2023-01-26 00:11:31,-6.7167,32.0667,62.55,95,89,3.56
474,Iqaluit,CA,2023-01-26 00:06:47,63.7506,-68.5145,-35.09,89,56,5.35
475,Alexandria,EG,2023-01-26 00:11:31,31.2156,29.9553,57.42,70,0,6.08
476,Kintampo,GH,2023-01-26 00:11:32,8.0563,-1.7306,84.09,25,1,4.83
477,Bandiagara,ML,2023-01-26 00:11:32,14.3501,-3.6104,80.1,15,5,8.66
478,Mount Gambier,AU,2023-01-26 00:11:33,-37.8333,140.7667,66.22,42,31,8.14
479,Rock Sound,BS,2023-01-26 00:11:33,24.9,-76.2,77.27,74,10,15.5
480,Olafsvik,IS,2023-01-26 00:11:34,64.8945,-23.7142,40.53,86,100,26.82
481,Kodiak,US,2023-01-26 00:11:34,57.79,-152.4072,42.31,70,0,12.66
482,Arlit,NE,2023-01-26 00:11:34,18.7369,7.3853,74.05,13,36,7.16
483,Chinsali,ZM,2023-01-26 00:11:35,-10.5414,32.0816,62.06,96,100,5.03
484,Grand Gaube,MU,2023-01-26 00:11:35,-20.0064,57.6608,74.37,90,100,4.0
485,Medicine Hat,CA,2023-01-26 00:10:16,50.0501,-110.6683,34.84,85,89,1.01
486,Honningsvag,NO,2023-01-26 00:11:36,70.9821,25.9704,33.55,69,100,18.41
487,Lugde,DE,2023-01-26 00:11:36,51.9583,9.2471,29.17,93,88,2.55
488,Guarapari,BR,2023-01-26 00:11:36,-20.6667,-40.4975,73.89,92,100,6.62
489,Takestan,IR,2023-01-26 00:11:37,36.0696,49.6959,28.04,79,26,2.21
490,Linkoping,SE,2023-01-26 00:11:37,58.4109,15.6216,39.58,89,100,12.66
491,Blackwater,AU,2023-01-26 00:11:37,-23.5833,148.8833,85.57,44,33,8.93
492,Deputatskiy,RU,2023-01-26 00:11:38,69.3,139.9,-36.27,98,74,2.08
493,Truth Or Consequences,US,2023-01-26 00:06:53,33.1284,-107.2528,46.9,29,0,12.66
494,Longyearbyen,SJ,2023-01-26 00:11:38,78.2186,15.6401,13.84,62,40,17.27
495,Chilca,PE,2023-01-26 00:11:39,-12.5211,-76.7372,72.55,81,79,5.03
496,Okhotsk,RU,2023-01-26 00:11:39,59.3833,143.3,-9.69,76,100,23.71
497,Mezen,RU,2023-01-26 00:11:39,65.8522,44.24,28.35,97,100,8.86
498,Vila Velha,BR,2023-01-26 00:08:49,-20.3297,-40.2925,73.94,97,100,5.39
499,Kenai,US,2023-01-26 00:11:40,60.5544,-151.2583,39.29,92,20,12.66
500,Susanville,US,2023-01-26 00:09:39,40.4163,-120.653,43.81,66,0,5.01
501,Camacha,PT,2023-01-26 00:11:40,33.0833,-16.3333,56.62,63,40,17.27
502,Jacmel,HT,2023-01-26 00:12:41,18.2342,-72.5347,80.44,76,82,6.98
503,Payo,ID,2023-01-26 00:12:41,-3.7508,103.6372,72.43,95,100,1.88
504,Lugo,ES,2023-01-26 00:12:41,43.0,-7.5,40.77,81,42,3.0
505,Haimen,CN,2023-01-26 00:12:42,23.1935,116.6142,53.87,62,100,9.66
506,Isangel,VU,2023-01-26 00:12:42,-19.55,169.2667,89.71,62,20,4.61
507,Catuday,PH,2023-01-26 00:12:42,16.2923,119.8062,73.51,67,29,12.46
508,Moerai,PF,2023-01-26 00:12:43,-22.4333,-151.3333,79.36,82,3,13.09
509,Rawson,AR,2023-01-26 00:12:43,-43.3002,-65.1023,71.51,36,99,4.68
510,Hearst,CA,2023-01-26 00:12:43,49.6835,-83.6665,-1.32,100,100,3.29
511,Livadiya,RU,2023-01-26 00:12:44,42.8692,132.6764,5.4,59,0,8.84
512,Mayo,US,2023-01-26 00:11:46,38.8876,-76.5119,55.51,93,100,17.27
513,Bam,IR,2023-01-26 00:12:44,29.106,58.357,37.47,39,71,0.67
514,Nyurba,RU,2023-01-26 00:12:45,63.2842,118.3319,-53.0,100,98,2.17
515,Saint Peter,BB,2023-01-26 00:12:45,13.25,-59.6167,75.76,73,17,20.98
516,Binga,ZW,2023-01-26 00:12:45,-17.6203,27.3414,67.1,91,100,1.32
517,Caraquet,CA,2023-01-26 00:10:55,47.7941,-64.9386,7.81,86,98,5.64
518,Kununurra,AU,2023-01-26 00:11:49,-15.7667,128.7333,78.78,94,75,5.75
519,Stornoway,GB,2023-01-26 00:12:46,58.2093,-6.3865,43.03,91,100,8.05
520,Sokolo,ML,2023-01-26 00:12:46,14.7328,-6.1219,82.31,15,66,8.14
521,Te Anau,NZ,2023-01-26 00:12:46,-45.4167,167.7167,73.27,39,35,8.28
522,Rosario,AR,2023-01-26 00:10:14,-32.9468,-60.6393,86.95,56,77,1.99
523,Bay Roberts,CA,2023-01-26 00:12:47,47.5999,-53.2648,31.33,72,12,5.99
524,Novoagansk,RU,2023-01-26 00:12:47,61.9449,76.6625,9.0,93,99,13.96
525,Manono,CD,2023-01-26 00:12:47,-7.3,27.4167,65.82,97,100,2.28
526,Winnemucca,US,2023-01-26 00:09:43,40.973,-117.7357,39.25,65,0,0.0
527,Walvis Bay,NA,2023-01-26 00:12:48,-22.9575,14.5053,61.09,82,20,6.49
528,Puerto Cabezas,NI,2023-01-26 00:12:48,14.0351,-83.3888,75.78,88,50,8.7
529,Olhao,PT,2023-01-26 00:12:49,37.0286,-7.8411,48.09,57,0,9.22
530,Taltal,CL,2023-01-26 00:12:49,-25.4,-70.4833,69.21,83,26,4.07
531,Villanueva De La Serena,ES,2023-01-26 00:12:49,38.9766,-5.7974,33.62,79,82,0.94
532,Akdepe,TM,2023-01-26 00:12:50,42.0551,59.3788,27.79,49,100,5.53
533,Sobolevo,RU,2023-01-26 00:12:50,54.4299,31.8996,27.36,75,97,8.55
534,San Policarpo,PH,2023-01-26 00:12:50,12.1791,125.5072,78.85,88,100,20.24
535,Iskateley,RU,2023-01-26 00:12:51,67.6803,53.1512,21.96,97,100,4.18
536,Sena Madureira,BR,2023-01-26 00:12:51,-9.0656,-68.6569,73.42,98,76,2.98
537,Kizema,RU,2023-01-26 00:12:51,61.113,44.8302,32.61,95,100,14.03
538,Bahia Honda,CU,2023-01-26 00:12:51,22.9036,-83.1592,75.83,78,23,7.85
539,Barcelos,PT,2023-01-26 00:10:32,41.5388,-8.6151,43.92,83,1,5.14
540,Puerto Quijarro,BO,2023-01-26 00:12:52,-17.7833,-57.7667,76.44,90,58,0.38
541,Nabire,ID,2023-01-26 00:12:52,-3.3667,135.4833,79.05,83,100,2.08
542,Zhanakorgan,KZ,2023-01-26 00:12:53,43.9098,67.2495,22.73,70,67,3.58
543,Hays,US,2023-01-26 00:12:53,30.0502,-98.0336,52.29,52,0,5.01
544,Tanggul,ID,2023-01-26 00:12:53,-8.1645,113.4525,77.36,90,100,3.42
545,Qaqortoq,GL,2023-01-26 00:12:54,60.7167,-46.0333,33.01,98,100,13.2
546,Shenjiamen,CN,2023-01-26 00:12:54,29.9576,122.298,43.36,75,15,6.31
547,Bilibino,RU,2023-01-26 00:12:55,68.0546,166.4372,-21.57,75,57,4.63
548,Banda Aceh,ID,2023-01-26 00:12:55,5.5577,95.3222,75.83,85,89,8.28
549,Penzance,GB,2023-01-26 00:12:55,50.1186,-5.5371,43.48,75,69,26.22
550,Piney Green,US,2023-01-26 00:12:56,34.716,-77.3202,69.73,94,75,13.8
551,Lafia,NG,2023-01-26 00:13:56,8.4833,8.5167,81.86,15,5,2.57
552,Yar-Sale,RU,2023-01-26 00:13:56,66.8333,70.8333,6.53,91,56,11.99
553,Aleksandrovsk-Sakhalinskiy,RU,2023-01-26 00:13:56,50.8975,142.1561,-3.95,97,100,13.33
554,Sakakah,SA,2023-01-26 00:13:57,29.9697,40.2064,47.73,54,0,5.75
555,Marienburg,PL,2023-01-26 00:13:57,54.0359,19.0266,30.85,91,96,5.82
556,Kasangulu,CD,2023-01-26 00:13:58,-4.5911,15.1708,70.52,91,80,2.46
557,Conde,BR,2023-01-26 00:10:23,-7.2597,-34.9075,77.68,73,0,10.94
558,Darlawn,IN,2023-01-26 00:13:59,24.0167,92.9,49.68,74,73,3.42
559,Davila,PH,2023-01-26 00:13:59,18.4726,120.5763,72.05,73,45,12.62
560,Kadrina,EE,2023-01-26 00:13:59,59.3347,26.145,35.15,98,100,11.48
561,Amol,IR,2023-01-26 00:14:00,36.4696,52.3507,38.39,81,22,2.59
562,Aleksandrovskiy Zavod,RU,2023-01-26 00:12:23,50.9237,117.9374,-32.71,99,98,1.77
563,Cizre,TR,2023-01-26 00:14:00,37.3272,42.1903,40.21,70,40,6.91
564,Mendi,PG,2023-01-26 00:14:01,-6.1761,143.6513,59.97,91,100,1.83
565,Cap Malheureux,MU,2023-01-26 00:14:01,-19.9842,57.6142,74.46,90,100,4.0
566,Saint-Joseph,RE,2023-01-26 00:14:01,-21.3667,55.6167,73.78,87,100,6.51
567,Teofilo Otoni,BR,2023-01-26 00:14:02,-17.8575,-41.5053,71.94,97,100,2.48
568,Merauke,ID,2023-01-26 00:14:02,-8.4667,140.3333,81.45,83,93,7.81
569,Pogar,RU,2023-01-26 00:14:03,52.554,33.2591,18.84,92,15,3.78
570,Zaigrayevo,RU,2023-01-26 00:14:03,51.8336,108.2703,0.7,91,100,8.77
571,Jinhua,CN,2023-01-26 00:10:40,29.1078,119.6547,34.9,57,1,0.56
572,Zyryanskoye,RU,2023-01-26 00:14:04,56.8306,86.6258,17.56,91,100,17.4
573,Colares,PT,2023-01-26 00:14:04,38.7992,-9.4469,48.09,64,0,21.99
574,Nuevitas,CU,2023-01-26 00:14:05,21.5453,-77.2644,76.06,75,2,11.56
575,Peekskill,US,2023-01-26 00:14:05,41.2901,-73.9204,40.95,93,100,4.0
576,Kaeo,NZ,2023-01-26 00:14:06,-35.1,173.7833,69.44,80,86,14.65
577,Dehui,CN,2023-01-26 00:14:06,44.5333,125.7,-7.11,93,8,3.02
578,Cabo San Lucas,MX,2023-01-26 00:14:06,22.8909,-109.9124,73.51,38,100,4.61
579,Igrim,RU,2023-01-26 00:14:07,63.1906,64.4162,17.64,94,100,13.6
580,Chernyshevsk,RU,2023-01-26 00:14:07,52.5243,117.0174,-38.34,100,78,0.13
581,Dongli,CN,2023-01-26 00:14:07,23.5656,116.8194,51.84,51,95,4.38
582,Araouane,ML,2023-01-26 00:14:08,18.9048,-3.5265,71.85,16,91,8.43
583,Mantua,IT,2023-01-26 00:14:08,45.1667,10.7833,41.61,82,33,3.0
584,Ambon,ID,2023-01-26 00:14:09,-3.6954,128.1814,77.14,94,20,8.05
585,Piripiri,BR,2023-01-26 00:14:09,-4.2733,-41.7769,72.97,94,96,4.61
586,Anloga,GH,2023-01-26 00:14:10,5.7947,0.8973,80.78,86,2,11.54
587,La Ronge,CA,2023-01-26 00:14:10,55.1001,-105.2842,1.94,99,91,1.72
588,Samarina,RU,2023-01-26 00:14:10,57.8878,27.8054,34.43,92,100,10.74
589,Maceio,BR,2023-01-26 00:14:11,-9.6658,-35.7353,79.14,76,5,12.28
590,Portales,US,2023-01-26 00:14:11,34.1862,-103.3344,35.13,78,78,3.09
591,Howard Springs,AU,2023-01-26 00:14:11,-12.497,131.047,82.81,99,100,8.14
592,Maridi,SS,2023-01-26 00:14:12,4.9158,29.4742,74.82,41,63,0.58
593,Terra Santa,BR,2023-01-26 00:14:12,-2.1042,-56.4869,73.81,93,97,0.65
594,Tarko-Sale,RU,2023-01-26 00:14:13,64.9225,77.785,7.5,95,99,10.83
595,Bafoulabe,ML,2023-01-26 00:14:13,13.8065,-10.8321,83.59,14,81,4.27
596,Esso,RU,2023-01-26 00:14:13,55.9333,158.7,21.16,89,100,42.41
597,Karaman,TR,2023-01-26 00:14:14,37.0833,33.25,32.29,84,2,3.22
598,Rena,NO,2023-01-26 00:09:23,61.1348,11.3641,24.17,96,91,4.16
599,Soe,ID,2023-01-26 00:15:14,-9.8607,124.284,73.18,79,82,1.32
600,Beidao,CN,2023-01-26 00:15:14,34.5686,105.8933,28.29,26,99,4.92
601,Mahanje,TZ,2023-01-26 00:15:15,-9.9333,35.3333,64.29,95,100,2.44
602,Bowen,AU,2023-01-26 00:12:39,-20.0167,148.2333,82.0,65,42,11.86
